{
  "ungrounded_ci": {
    "mean": 0.43333333333333335,
    "lower_bound": 0.28258242409702644,
    "upper_bound": 0.5840842425696402,
    "std_dev": 0.4037183495298751,
    "n": 30,
    "confidence_level": 0.95
  },
  "cohens_d_determinism": {
    "cohens_d": 0.0,
    "interpretation": "No variance - perfect agreement",
    "magnitude": "none"
  },
  "suppression_fp_ci": {
    "on": {
      "mean": 0.8,
      "lower_bound": 0.5721262339726623,
      "upper_bound": 1.0278737660273378,
      "std_dev": 0.6102571532587293,
      "n": 30,
      "confidence_level": 0.95
    },
    "off": {
      "mean": 0.8,
      "lower_bound": 0.5721262339726623,
      "upper_bound": 1.0278737660273378,
      "std_dev": 0.6102571532587293,
      "n": 30,
      "confidence_level": 0.95
    }
  },
  "suppression_t_test": {
    "statistic": NaN,
    "p_value": NaN,
    "significant": false,
    "interpretation": "Paired t-test: Suppression does not significantly reduces FPs (p=nan)"
  }
}